proxy,avg_abs_t
sq,1.7415624327515318
vdax,1.5900226905532908
garch,1.351539299242266
vstoxx,1.2062939686222687
